employee_id,avg_hours_recent,avg_hours_baseline,hours_deviation,pct_late_recent,pct_absent_recent,avg_arrival_hour_recent,arrival_time_std_dev_recent,trend_slope,label
0,7.502468013673416,7.572372488936037,-0.06990447526262145,0.13333333333333333,0.0,9.350994629861537,2.1878955868606704,0.061201180425836395,0
1,7.851778202419499,7.578855184742318,0.2729230176771811,0.26666666666666666,0.0,10.062993693937926,3.4050579831881596,-0.15109858876290966,1
2,8.11694992066367,7.440819895894217,0.6761300247694528,0.0,0.0,8.524180271448074,0.44604784336894115,-0.021865428692725262,0
3,7.402476105642924,7.239511169516725,0.16296493612619845,0.06666666666666667,0.06666666666666667,8.855835668486966,1.851042691573588,0.08818123200378476,0
4,8.117524645784444,7.368706591921045,0.7488180538633991,0.06666666666666667,0.0,8.975132020905088,1.7371801860867542,0.09963006917267067,0
5,7.914973277479609,7.449298725206934,0.4656745522726746,0.06666666666666667,0.06666666666666667,9.068614785958776,1.5235627885056857,-0.018120013512702985,0
6,7.186731688810918,7.619858958454295,-0.43312726964337767,0.13333333333333333,0.06666666666666667,9.42941717021443,2.2707618968712855,-0.0675881434555516,0
7,8.177819178989438,7.6155686562588745,0.5622505227305634,0.06666666666666667,0.06666666666666667,8.724623316595748,1.6422490922715778,-0.16414355214827514,0
8,8.860327812864629,7.862399076410044,0.9979287364545844,0.06666666666666667,0.0,8.557022975375183,1.8346343808859777,-0.02905271290449639,1
9,7.407220393367681,7.736251780039309,-0.3290313866716277,0.13333333333333333,0.0,9.446983596910922,2.2726666269374474,0.13387952279763793,0
10,6.76907536378079,7.469500383695578,-0.7004250199147872,0.13333333333333333,0.2,9.65928880656516,2.1405180489743465,0.03593338504703532,0
11,10.607352670683253,7.297126753936961,3.310225916746292,0.0,0.0,7.6374409654532505,0.5623819836875885,-0.007706289160039967,1
12,7.531490767732677,7.400353977603854,0.1311367901288234,0.26666666666666666,0.0,10.232607287039238,2.9660418116256273,0.1467563155974238,0
13,7.5162797374474914,7.502337132185565,0.013942605261926033,0.2,0.0,9.937134565140438,2.775389955579335,-0.05954827375890804,0
14,9.757376656156916,7.758267754548794,1.999108901608122,0.06666666666666667,0.0,8.725279142686425,1.6129791164449296,-0.07284625521936432,1
15,8.318466425518343,8.127307645105411,0.19115878041293222,0.06666666666666667,0.06666666666666667,8.92081896673535,1.7101016277933343,0.2034113233629334,0
16,7.53626141950984,7.414436336933549,0.12182508257629099,0.2,0.06666666666666667,10.032947949210193,2.8763114872610993,0.0697241791200131,0
17,7.687670461841758,8.184477509283814,-0.49680704744205606,0.13333333333333333,0.0,9.319995412650085,2.302616472491309,-0.003380293588992872,0
18,9.439384061731905,7.443924115975705,1.9954599457562008,0.06666666666666667,0.0,8.563333055859447,2.0523887728726016,-0.029730174210957104,1
19,7.566935003000049,8.332341569851847,-0.765406566851798,0.13333333333333333,0.0,9.349544862526406,2.570666103604414,0.1131741143225919,0
20,7.14666855903098,7.969966708208213,-0.8232981491772335,0.13333333333333333,0.0,9.376296390131719,2.191545160489263,-0.06817735139405653,0
21,8.07643178558219,7.954375759680483,0.12205602590170805,0.06666666666666667,0.0,9.03198841820341,1.5766395804764572,0.024445404532955746,0
22,6.817962685463278,7.697927523601071,-0.8799648381377931,0.26666666666666666,0.06666666666666667,10.22739187987134,3.068153818301876,-0.025786201225831785,0
23,8.974104068465584,8.01181184829379,0.9622922201717934,0.06666666666666667,0.0,8.48423904454679,1.7688184453374445,-0.014268184781268798,1
24,7.89948268633897,7.738825279692363,0.16065740664660755,0.06666666666666667,0.06666666666666667,9.2857144165937,1.6792600976046108,0.06377628789688956,0
25,6.8323480627512305,7.63399497041664,-0.8016469076654094,0.2,0.06666666666666667,9.853808625599154,2.596415914442331,-0.017788822861033615,0
26,7.1456867699020945,7.665943601026596,-0.5202568311245015,0.2,0.0,9.878780696984144,2.840249154146607,0.030589394017671526,0
27,7.640792766491673,7.80791639384562,-0.1671236273539467,0.06666666666666667,0.0,9.014680012892303,1.408941059417586,0.04116771230661794,0
28,8.370043069282728,7.769512343898126,0.6005307253846022,0.0,0.0,8.425084183600452,0.40976881667369863,0.07085526048823153,0
29,7.840997776429504,7.729868318392816,0.11112945803668772,0.13333333333333333,0.06666666666666667,9.529893121180091,1.9774922538506516,-0.1352373596977558,0
30,7.832761733402892,7.405861634431693,0.42690009897119907,0.06666666666666667,0.0,9.125755800984546,1.8256590637662495,0.014010755681250571,0
31,8.426707831196103,7.925552100569236,0.5011557306268664,0.0,0.0,8.316014868408782,0.4623196149585476,0.08753317426501607,0
32,7.219955064240798,7.812848818113266,-0.5928937538724677,0.26666666666666666,0.0,10.398863042500752,2.991584970953618,0.30466332539520347,0
33,8.059165648500931,7.7133739288576075,0.3457917196433238,0.2,0.0,9.788215137409829,3.019905379427799,-0.11157516921195997,0
34,6.285646159214654,7.316441866427204,-1.0307957072125502,0.4,0.0,11.12522973126263,3.363829624969469,-0.34999503049084807,0
35,8.13953169973955,7.642127989484142,0.49740371025540764,0.26666666666666666,0.0,9.687343924795307,3.0125447400544205,0.009047249921407477,1
36,8.028921839701168,7.687472607520863,0.3414492321803051,0.06666666666666667,0.0,8.813412552818175,1.576645498901212,-0.013319356952120113,0
37,7.26451050313065,7.793863830860449,-0.5293533277297993,0.26666666666666666,0.06666666666666667,10.3329964170325,2.9287584781838976,-0.1880087945506186,0
38,7.460135403103909,8.291808075559379,-0.8316726724554702,0.13333333333333333,0.0,9.520938957004297,2.28215875883182,-0.09481144803902568,0
39,7.623624449650522,7.698784852265803,-0.07516040261528101,0.06666666666666667,0.0,8.849474011242194,1.6219363928493171,0.03909086326769941,0
40,7.710701600887583,7.295596307362971,0.41510529352461134,0.13333333333333333,0.0,9.47083382398588,2.319529065827263,-0.042902130822910244,0
41,7.498892003879861,8.244611082551751,-0.7457190786718897,0.13333333333333333,0.06666666666666667,9.315914328514072,2.228748045838301,0.02437645489973041,0
42,7.980943823113163,7.902873135040359,0.07807068807280437,0.0,0.06666666666666667,8.482967938259518,0.40899597389692394,-0.07118058681397088,0
43,7.454390778568261,7.4144000838857025,0.039990694682558114,0.13333333333333333,0.06666666666666667,9.421287771457425,2.6364359448880337,-0.023743829082332454,0
44,7.723204044461017,7.680358392770516,0.04284565169050136,0.06666666666666667,0.0,8.852261986906429,1.5047986203605175,-0.06822397805768218,0
45,9.93675539861051,7.746459861914219,2.190295536696291,0.13333333333333333,0.0,8.703245968211816,2.4084056936500926,-0.11490916127358967,1
46,8.005631513626778,7.570354100849396,0.4352774127773813,0.06666666666666667,0.0,8.891924503606957,1.8418110758863855,0.07155016732140378,0
47,7.774680201722288,8.00030329140418,-0.22562308968189182,0.06666666666666667,0.0,8.75205458120909,1.5209369073028762,-0.08404456455957315,0
48,8.176146249123644,7.36322201629478,0.8129242328288635,0.0,0.0,8.565911437529644,0.43613195443130054,-0.08373003798637513,0
49,7.5541035659351445,7.89706782227661,-0.34296425634146566,0.2,0.0,9.784142167344836,2.5960601434372164,0.017805455289446142,0
50,9.729378091109295,7.573938957177135,2.15543913393216,0.06666666666666667,0.0,8.502363080307024,1.8421045836537586,-0.005754613017100587,1
51,7.462486477098023,7.984552100948104,-0.5220656238500814,0.13333333333333333,0.2,9.676937905643374,2.3578228913842585,-0.055724890878147894,0
52,9.55747708678629,7.850314842696927,1.7071622440893632,0.06666666666666667,0.0,8.175195767953925,1.841940582282785,-0.0034271300056049263,1
53,7.772190176782578,7.960629430328982,-0.18843925354640412,0.06666666666666667,0.0,9.029536833332036,1.7946606105858414,0.06139585151033588,0
54,7.143840088275289,7.314676496265942,-0.17083640799065236,0.2,0.0,9.583550537040754,2.755463723596747,-0.13147223723916837,0
55,8.591678655500722,7.461909168880382,1.12976948662034,0.0,0.13333333333333333,8.346995349573655,0.35595419076551044,-0.05798542738611102,0
56,7.659932127855739,7.5331938201797195,0.12673830767601935,0.2,0.0,10.025836162618246,2.7008993387802587,-0.13828124972794048,0
57,8.355663480100437,7.167304418956898,1.1883590611435393,0.0,0.13333333333333333,8.631129383615397,0.5501170527179935,0.0020905685628136482,0
58,7.6448099328186325,7.741351183238122,-0.0965412504194898,0.13333333333333333,0.06666666666666667,9.547625615530364,1.9300765810526492,0.04622457675850174,0
59,7.972964750931282,7.691788351345561,0.2811763995857204,0.0,0.13333333333333333,8.664413486801788,0.2807154800259269,-0.024541954033120116,0
60,9.876393123361728,7.333632954589739,2.5427601687719887,0.0,0.0,8.115094826291534,0.5954393871628835,0.058858370931409436,1
61,8.408254222291534,7.069057262930417,1.339196959361117,0.0,0.0,8.583371754576627,0.4198451163395913,-0.02625028769662885,0
62,7.611149708386282,7.856280243662284,-0.24513053527600182,0.06666666666666667,0.0,9.031976790149253,1.521298401296447,-0.017781025759430864,0
63,8.125522358957904,7.810560974925879,0.3149613840320242,0.06666666666666667,0.0,8.848209756190252,1.7207807183949564,0.027294383944026696,0
64,10.47218293193191,7.585354651973971,2.886828279957938,0.0,0.0,8.05099376501031,0.6615539078942344,0.14771651824501808,1
65,7.553436251254964,7.476058927572282,0.0773773236826818,0.2,0.0,9.78624092831023,2.827566086024811,-0.14930479882795622,0
66,7.321594181568897,7.2204375425967475,0.10115663897214944,0.26666666666666666,0.0,10.245535315603751,2.8991824634417407,-0.003181486969994004,0
67,7.736516511467743,7.215093382127379,0.5214231293403637,0.13333333333333333,0.13333333333333333,9.579081418722636,2.255666095226469,0.08609965252306928,0
68,7.434320624092883,7.6410874802813185,-0.2067668561884357,0.06666666666666667,0.0,8.94490679356412,1.8500470830188875,-0.0760180088832228,0
69,6.548445254504443,7.633086318387914,-1.0846410638834705,0.26666666666666666,0.0,10.42540764772849,2.7993981148222464,0.12857456033508843,0
70,7.554768607357171,7.832600381157517,-0.2778317738003464,0.06666666666666667,0.06666666666666667,8.979059713682114,1.923933080460131,0.1087878965556987,0
71,7.632067435243409,7.775629382340188,-0.14356194709677972,0.06666666666666667,0.0,8.921827959662627,1.9365372273801957,0.09840655722989247,0
72,7.843034153774627,7.788927495123414,0.05410665865121267,0.0,0.0,8.308092561889634,0.4651222320113162,0.01418703133921994,0
73,6.932535625518725,7.347684030702987,-0.41514840518426155,0.3333333333333333,0.0,10.692667054748169,3.0680210929756204,-0.16975175587992503,0
74,7.630782138379508,7.803348363825112,-0.17256622544560418,0.06666666666666667,0.0,8.945516786462173,1.7951582110313369,0.08344801529788816,0
75,8.884195340859709,8.084620935626912,0.7995744052327964,0.06666666666666667,0.06666666666666667,8.594914613016652,1.7407959164309288,-0.1228675934850733,1
76,7.853105914622938,7.650690221713989,0.20241569290894823,0.13333333333333333,0.06666666666666667,9.242207127708145,2.2018330437465488,-0.14557322780319915,0
77,7.214717630793162,7.500228199779162,-0.285510568986,0.2,0.0,9.750122103691227,2.861964167261152,-0.039465595379679405,0
78,7.379954659476081,7.352675115566566,0.027279543909515702,0.13333333333333333,0.06666666666666667,9.218091253643843,2.575095930882501,-0.21836594958493163,0
79,7.558273934140071,7.959219870261637,-0.40094593612156615,0.06666666666666667,0.0,8.877863471817061,1.6365071375592852,0.11386249802018948,0
80,8.505711886208529,7.632081355848531,0.8736305303599972,0.0,0.0,8.472942927291227,0.4388061511034066,-0.06085290311298508,0
81,8.065270462736214,8.05968928490605,0.005581177830164208,0.06666666666666667,0.06666666666666667,8.99639614331406,1.9205752679347248,0.13766403521609522,0
82,9.07077644816739,7.347449053852992,1.7233273943143974,0.13333333333333333,0.0,8.977187543748828,2.3138855263574203,0.22003529135780192,1
83,9.579956951364435,7.049903951216512,2.530053000147923,0.06666666666666667,0.0,8.364680550028416,1.7756733942635412,-0.14476481018717974,1
84,7.523878018986584,8.19071175329265,-0.6668337343060662,0.06666666666666667,0.0,9.009378901470678,1.6181998752285813,0.0879969415889624,0
85,8.06970870774721,7.58052918641845,0.48917952132876064,0.13333333333333333,0.06666666666666667,9.529384277025814,2.194683948327135,0.037046831954589535,0
86,9.539161552635706,7.976066388761719,1.563095163873987,0.0,0.0,8.177520504537188,0.785234949627932,0.033074106016583414,1
87,8.515374632651504,8.197711517577314,0.31766311507418976,0.13333333333333333,0.0,9.069837711259899,2.670240718305373,-0.13090063677407132,1
88,7.960556093295562,7.774989540757386,0.18556655253817578,0.06666666666666667,0.0,8.96415977162174,1.6377544039003922,0.03220273749267056,0
89,7.392572555367342,7.528423129355327,-0.1358505739879856,0.13333333333333333,0.06666666666666667,9.448527852548711,2.3850774566865005,-0.15263726064963984,0
90,7.046815297979434,7.925109710981952,-0.8782944130025188,0.2,0.13333333333333333,10.143990006445389,2.883839161481854,-0.13548697159551945,0
91,7.9905612239439545,8.023141371370425,-0.03258014742647042,0.0,0.0,8.38315892820272,0.3592286888885837,0.058698847014587725,0
92,7.852810394205752,7.887054032635954,-0.03424363843020206,0.06666666666666667,0.0,8.961231149460016,1.5185008410822896,-0.2537966035568709,0
93,7.830645050359377,7.592563659422941,0.23808139093643543,0.06666666666666667,0.0,8.994040933896093,1.9697617352387518,-0.010298520612892758,0
94,8.208871588563438,7.7735448294790075,0.43532675908443075,0.06666666666666667,0.0,8.804568820831916,1.61481199688344,-0.09539197032259457,0
95,8.138579826977537,7.667333604310035,0.47124622266750205,0.0,0.06666666666666667,8.714520783282518,0.5007258481728192,-0.09709543957106215,0
96,7.842492098495311,7.624367464625228,0.21812463387008219,0.06666666666666667,0.06666666666666667,9.095156626972253,1.908144015901168,0.08683862341903398,0
97,10.222702746490347,7.6402788113505915,2.5824239351397553,0.0,0.06666666666666667,7.65684561818624,0.6242831645359923,0.14373119221844574,1
98,8.158575989428504,8.038084578131402,0.1204914112971025,0.0,0.0,8.524491498956875,0.5518438085690767,-0.07751307824334346,0
99,7.943499849475231,7.683989381916698,0.2595104675585329,0.06666666666666667,0.2,9.059671567731364,1.8053362351194393,-0.031129636204236245,0
100,7.451649097981285,8.10558796482867,-0.6539388668473851,0.13333333333333333,0.0,9.437577614326916,2.2660198964638663,0.073015078934509,0
101,8.218711481412377,7.73438284549452,0.4843286359178576,0.0,0.0,8.613957310666883,0.5630976589302862,-0.0707963242502477,1
102,7.8175240816837235,8.133601654512619,-0.31607757282889537,0.13333333333333333,0.0,9.450938019440324,2.412284511359178,-0.024615420515605217,0
103,7.388855564767397,8.318663328583424,-0.9298077638160276,0.13333333333333333,0.2,9.690485450217329,2.472612885845556,0.16081579897696552,0
104,8.074505783767746,7.780734265013075,0.2937715187546708,0.06666666666666667,0.06666666666666667,8.922187321059884,1.7091546413679102,-0.0796327174384571,0
105,8.121318905596183,8.21654741128141,-0.09522850568522578,0.06666666666666667,0.0,9.04318800501344,1.5829367454724583,0.05934857178330738,0
106,10.308257551570076,7.602714527894093,2.7055430236759834,0.0,0.0,8.295285528061116,0.529005679205635,-0.114933137946933,1
107,9.047757716256639,8.187060197369858,0.8606975188867807,0.06666666666666667,0.06666666666666667,8.505738135747603,2.177460860235168,0.18213808736695625,1
108,8.177630006676448,6.829739242938171,1.3478907637382775,0.06666666666666667,0.06666666666666667,8.82144691037124,1.7236258580226755,0.07578573020901255,0
109,7.6113942733907445,8.062892140440354,-0.4514978670496097,0.13333333333333333,0.0,9.451977540681352,2.3879818824821863,-0.26417429344975446,0
110,7.314892896884364,8.187840719145813,-0.8729478222614491,0.2,0.13333333333333333,10.071365481940841,3.051127631031013,0.19418920388813732,0
111,8.290316446539665,8.04530262652094,0.24501382001872507,0.0,0.06666666666666667,8.48475283359168,0.5127946754864346,-0.0247346546599495,0
112,8.162883644496691,8.265977644397902,-0.10309399990121015,0.06666666666666667,0.0,9.22641637662552,1.6913568964753771,-0.014081284148527683,0
113,8.087993788999993,7.685923007334379,0.40207078166561416,0.0,0.13333333333333333,8.546282968713555,0.5762591735395158,-0.0026942531973470946,0
114,7.417586585194587,7.78048528545267,-0.362898700258083,0.13333333333333333,0.0,9.472429374566065,2.304908307943741,0.041073430941303994,0
115,8.299742331686307,7.701680483402115,0.5980618482841917,0.06666666666666667,0.13333333333333333,9.155744722642662,1.701784946272489,0.2228260950622543,0
116,7.898150097315888,8.088249065794335,-0.19009896847844665,0.13333333333333333,0.0,9.392595622369255,2.2455493863395946,0.20416602497990544,0
117,8.142026138302283,8.304066126875304,-0.16203998857302082,0.06666666666666667,0.0,9.118062831654038,1.5558132074007942,-0.04809698683161533,0
118,9.430246033329665,7.831878330389156,1.598367702940509,0.0,0.06666666666666667,8.199365644550548,0.9260883908739971,0.05372841063494946,1
119,7.805909680088752,7.429578529496322,0.3763311505924305,0.06666666666666667,0.0,8.942343593409937,1.7777416115070916,0.05760920423942364,0
120,9.492271292632784,7.961347176682937,1.5309241159498477,0.06666666666666667,0.0,8.53925129152464,1.9143971753470619,0.0057020772433944615,1
121,7.335953664013334,7.71389908322842,-0.3779454192150862,0.13333333333333333,0.0,9.358103540337629,2.2617558027258786,-0.021994345294020494,0
122,8.034867223068696,8.020528692413237,0.014338530655459536,0.06666666666666667,0.0,9.019572088594215,1.726215478671545,0.01586097532599861,0
123,7.21601172165182,7.411458099298323,-0.19544637764650297,0.13333333333333333,0.0,9.27227525543219,2.309311861716139,-0.050938896135721876,0
124,7.8509788999914125,7.631528748833007,0.21945015115840594,0.06666666666666667,0.06666666666666667,8.901878179644976,1.7493268885960802,0.06666838783744977,0
125,7.657615752874423,8.05871584119309,-0.4011000883186666,0.13333333333333333,0.0,9.291098461657791,2.333128525648248,0.028248597847917948,0
126,8.117849712806326,7.547799362902679,0.5700503499036467,0.0,0.0,8.627002754384032,0.4642841955320762,0.10273521999525498,0
127,7.6093709283549416,7.434209340920809,0.17516158743413257,0.2,0.06666666666666667,9.902337987151052,2.5791347887103,0.1119664432938092,0
128,8.958412954761659,7.761643677925436,1.196769276836223,0.06666666666666667,0.0,8.558361148081245,1.8224691663788717,-0.11141555900185493,1
129,7.223158154157149,7.917911896411311,-0.6947537422541616,0.2,0.0,9.736810650881965,2.552314932977722,0.02699167512019376,0
130,8.381935291117154,7.7732654546628845,0.6086698364542693,0.0,0.06666666666666667,8.608237753391007,0.5406734053643713,0.04226080276017955,0
131,9.66508504440334,7.240594539041319,2.4244905053620203,0.06666666666666667,0.0,8.674956354585655,1.964046657840601,-0.03622089431774084,1
132,8.14697659463363,7.475675883941473,0.6713007106921571,0.0,0.0,8.50455239862514,0.40779014151368936,0.0821003897594791,0
133,9.286469829438904,7.558386064973024,1.7280837644658797,0.0,0.0,8.133868837785947,0.6380466019534277,-0.02665925808514394,1
134,9.143205468883588,7.619138812305731,1.5240666565778573,0.06666666666666667,0.06666666666666667,8.323808588425418,1.6386130981546463,0.19184856751968468,1
135,8.6171365324728,8.05393442321615,0.5632021092566504,0.0,0.06666666666666667,8.440701169866394,0.3211734825464641,-0.1507373418441584,0
136,7.902099907156214,7.8980970466923415,0.0040028604638724374,0.13333333333333333,0.06666666666666667,9.482332551760262,2.278101419334645,-0.009605188197374635,0
137,7.39035348522755,6.941864203633855,0.4484892815936945,0.06666666666666667,0.06666666666666667,9.118962789102076,1.6447136279395922,-0.07897360028552747,0
138,7.3543157753424335,7.60059878884274,-0.24628301350030668,0.2,0.0,9.757281462911802,2.6464402002128393,0.0041332156996637635,0
139,9.910088929219857,7.760089535651192,2.149999393568665,0.0,0.0,7.976507611556164,0.7153456121983789,0.1848147034764853,1
140,9.529606331589873,7.314291402010014,2.2153149295798595,0.0,0.0,8.144623202766118,0.6470819375733905,-0.04298126382510198,1
141,8.04416343616175,7.309052127177941,0.7351113089838082,0.0,0.0,8.39508365208954,0.5221947989509929,0.0758788724806083,0
142,8.026111540082436,7.880555707678668,0.14555583240376802,0.06666666666666667,0.0,8.860641168649035,1.5356297705991526,0.13243886859681872,0
143,8.709146096770683,7.417955751142393,1.2911903456282898,0.06666666666666667,0.0,8.598367901247315,1.8445074243074044,-0.00777959461055661,1
144,7.29652145068573,7.354062769572419,-0.05754131888668912,0.2,0.0,9.65582868831492,2.920408135249754,-0.06642350585446952,0
145,7.890313886100015,7.743425456512713,0.14688842958730142,0.13333333333333333,0.06666666666666667,9.314572691768934,2.33530435511959,0.0832262085515585,0
146,7.705173415744307,8.093441027809074,-0.3882676120647677,0.13333333333333333,0.13333333333333333,9.315518932863538,2.368408008634126,0.1254564400818684,0
147,9.467140228952557,7.86604607174844,1.601094157204117,0.0,0.0,7.833796027327547,0.8004670082742636,0.04041957924067902,1
148,6.880056389086446,7.526135316157392,-0.6460789270709455,0.26666666666666666,0.06666666666666667,10.368910835220818,3.0457242237374222,-0.04991415012948643,0
149,7.42612413707316,7.275167109306178,0.1509570277669816,0.13333333333333333,0.0,9.259457057425948,2.1506410154172513,0.07271013406206119,0
150,7.704088995018707,7.315788684272189,0.3883003107465184,0.06666666666666667,0.06666666666666667,9.010716807741963,1.76402425754313,0.02191523881665601,0
151,8.740468837805594,8.010802996490332,0.7296658413152617,0.06666666666666667,0.0,8.812088416044812,1.924673162316596,-0.1417372143844203,1
152,7.364528412467744,8.489987711682733,-1.125459299214989,0.06666666666666667,0.0,8.797064042618551,1.7539544384713308,0.008076515368793271,0
153,7.9737610064653035,7.9257966750597975,0.047964331405506044,0.0,0.0,8.66261557034174,0.46607281736453804,0.016674354335321006,0
154,7.3700780882435595,8.070225533835426,-0.7001474455918668,0.2,0.06666666666666667,9.785794016522875,2.559517159537051,-0.08681623356575709,0
155,7.462131856805443,7.934066108708304,-0.4719342519028613,0.13333333333333333,0.0,9.484148399661835,2.265299347128132,0.06360282295724531,0
156,7.789478020208593,8.082878068252844,-0.29340004804425135,0.13333333333333333,0.13333333333333333,9.173223955506595,2.2788058514861547,0.09156650204086039,0
157,7.531906192617692,7.9802084623003084,-0.44830226968261666,0.2,0.0,9.843219560952297,3.059587396154385,-0.07904166842824019,0
158,7.92373887852335,7.598854937037164,0.3248839414861866,0.13333333333333333,0.0,9.406538767910275,2.4897255508531777,0.08792338078098211,0
159,8.525439808701929,7.604291072116412,0.9211487365855167,0.0,0.0,8.617069464768,0.5194346832161479,-0.0802729377302807,0
160,7.922670514317747,7.413572403647745,0.5090981106700019,0.06666666666666667,0.0,9.011757815994054,1.8445839462015228,0.014524553543892075,0
161,10.091508592453888,7.563229892683813,2.528278699770075,0.0,0.0,8.02165371453705,0.440989539337771,0.14071062491437003,1
162,8.047996696110609,7.705023927802677,0.34297276830793155,0.13333333333333333,0.0,9.050161731450892,2.3484358377010874,0.1051018762404105,1
163,8.443420111312792,7.925300909376754,0.5181192019360372,0.13333333333333333,0.06666666666666667,8.980404895148501,2.5771635326225804,0.2669691049537089,1
164,7.527618642307689,7.338944994944848,0.1886736473628412,0.13333333333333333,0.0,9.574733280077915,2.3565940352099166,0.004802971495113606,0
165,8.189676492475169,7.187736117976236,1.0019403744989326,0.0,0.06666666666666667,8.460508479192274,0.49568428832698314,-0.06548816621471876,0
166,8.132375856561127,7.605458019144137,0.52691783741699,0.0,0.06666666666666667,8.395998707525901,0.4354632367284248,-0.07610367611729622,0
167,7.82456316661596,7.654228137778592,0.17033502883736773,0.06666666666666667,0.06666666666666667,8.96317715301114,1.6907569610416866,0.12739884534060922,0
168,7.782010799017443,7.425632431533324,0.356378367484119,0.06666666666666667,0.13333333333333333,8.89855313923393,2.0678606187825013,0.030683597490466213,0
169,7.208749065109726,7.7277083264759225,-0.5189592613661969,0.06666666666666667,0.06666666666666667,8.980277274108998,1.7748485777422345,-0.07327018534334902,0
170,7.211992597652197,7.428591534825302,-0.21659893717310563,0.2,0.0,9.695699821680142,2.5147082184433067,0.060352969430420095,0
171,7.25473567396236,7.895292451629415,-0.6405567776670553,0.13333333333333333,0.0,9.488730749099195,2.5229215216118126,0.005386200051375159,0
172,8.31422473792168,7.923077098836079,0.39114763908560146,0.0,0.06666666666666667,8.189610788930159,0.6062611547034401,-0.017270673060375216,0
173,8.038482730956613,8.183842198790268,-0.1453594678336554,0.13333333333333333,0.0,9.481320117335152,2.323013679822197,0.06660689561242336,0
174,7.776328184682115,7.241094352362097,0.5352338323200181,0.06666666666666667,0.06666666666666667,9.006088662293847,1.5778552443791183,0.012291521053102019,0
175,8.179221845158342,6.979470159491853,1.199751685666489,0.06666666666666667,0.0,8.741234511395135,1.6313547947070441,-0.07817988025245201,0
176,7.790420023315211,7.359830049651105,0.4305899736641061,0.13333333333333333,0.0,9.43859332126349,2.254206699147485,0.1318928146358859,0
177,8.639501696484578,7.82484870355371,0.8146529929308679,0.13333333333333333,0.0,9.07238495478715,2.290787474519897,0.10272211378336836,1
178,10.111627831065778,8.146071990384403,1.9655558406813753,0.0,0.0,8.192443336859103,0.6027141687951374,-0.12515882163171882,1
179,7.16993912590056,8.146425858569609,-0.9764867326690494,0.2,0.06666666666666667,10.02729539821414,2.7953684425745453,0.10570612052364822,0
180,7.798372391186732,7.362245170473267,0.4361272207134652,0.06666666666666667,0.0,8.847569054822078,1.8038722258811672,-0.07947502963138713,0
181,8.05970301132373,7.838893310370413,0.22080970095331764,0.06666666666666667,0.06666666666666667,9.088042167997664,1.7759667568791315,-0.024141211732358326,0
182,8.04718489823049,7.1009129306123455,0.946271967618145,0.06666666666666667,0.0,8.788711374316561,1.632681462600755,-0.1990705991017521,0
183,7.466163082921212,7.6149282372747304,-0.14876515435351845,0.06666666666666667,0.06666666666666667,9.062930103554578,1.8591951646715945,-0.12178837478536719,0
184,6.746386960439824,7.827036551944816,-1.0806495915049918,0.26666666666666666,0.0,10.284638545654841,3.148154108335039,0.03455534690877947,0
185,7.751185007877191,7.6340342265028385,0.11715078137435242,0.2,0.0,9.74008100333612,2.7526157210585134,0.03044825308583,0
186,9.395693758903379,7.804822355624053,1.5908714032793263,0.06666666666666667,0.0,8.400902739803884,1.9476991639156083,0.20373141155847466,1
187,7.7740756908580035,7.3222479145398065,0.45182777631819704,0.06666666666666667,0.13333333333333333,9.166931974680294,1.60515480262979,-0.014864212193316116,0
188,7.17511018552985,7.746627967012907,-0.571517781483057,0.2,0.0,9.855198101575573,2.5742429304717778,-0.010548082005421757,0
189,8.0526395519745,7.572270336873649,0.4803692151008523,0.0,0.0,8.618897165258051,0.5846009418864025,0.02391926790252944,0
190,7.600049813881404,7.458125067503251,0.14192474637815344,0.13333333333333333,0.13333333333333333,9.315862207733112,2.3247853500004028,0.11994126983180071,0
191,7.118172970168784,7.353704835164571,-0.23553186499578693,0.2,0.06666666666666667,9.904315333836943,2.5917431790832723,0.05254278420905308,0
192,8.226204196391173,7.38450615492554,0.8416980414656328,0.06666666666666667,0.06666666666666667,8.745613699867302,1.5590094450540795,0.0009899736036297273,0
193,7.839627080117645,7.639041456855633,0.200585623262012,0.13333333333333333,0.06666666666666667,9.370588517285995,2.4657735177874605,0.36217677474490173,0
194,7.579130961700377,7.818635748373091,-0.2395047866727138,0.13333333333333333,0.06666666666666667,9.418349934740673,2.351217403416095,0.007827884023716241,0
195,7.696272083624476,7.6060698824068895,0.09020220121758626,0.06666666666666667,0.0,8.823144820601806,1.6981225819305616,-0.012961158403761278,0
196,7.289077478053631,7.839372124151697,-0.5502946460980658,0.2,0.2,10.271315631928866,2.9414798602332324,0.08389758240781033,0
197,7.24129062241119,7.767922422106718,-0.5266317996955276,0.2,0.06666666666666667,10.027270359544767,3.1122988933701334,-0.00392922702282762,0
198,7.638031000842278,8.095991087447773,-0.45796008660549514,0.06666666666666667,0.0,8.700359034409285,1.6986852158432149,0.013100930746214587,0
199,7.5048676074644485,7.50659271225211,-0.0017251047876616354,0.2,0.06666666666666667,10.107153541856443,2.5287912860452133,-0.21410509994351226,0
200,7.347301077967926,7.501361698926579,-0.1540606209586528,0.13333333333333333,0.13333333333333333,9.495507581976899,2.330708841275299,-0.18288727592161153,0
201,7.310505794495646,7.416144620749599,-0.10563882625395316,0.2,0.0,9.454276337456971,2.699047309205393,-0.0648495501192576,0
202,7.2337702727630795,7.629765960926313,-0.39599568816323316,0.13333333333333333,0.06666666666666667,9.356491074616589,2.2920700183176357,-0.028133606323744384,0
203,9.884096407779067,7.521484398358666,2.362612009420401,0.0,0.0,7.701397165294453,0.7830900175876185,-0.16176580745355842,1
204,7.858906640159519,7.6211481215872965,0.23775851857222285,0.26666666666666666,0.0,10.063416012009053,3.070807827629649,-0.1409760262204298,0
205,9.9424796227236,7.938422169132121,2.0040574535914786,0.06666666666666667,0.0,8.405222011392542,1.786394065104942,0.08073130013026417,1
206,9.597858134487998,7.663240711853264,1.9346174226347337,0.0,0.0,8.190036245096255,0.6809089230041987,0.03921660557439127,1
207,7.48814983853107,7.669178484223307,-0.18102864569223698,0.2,0.0,9.732228802129084,2.824014504968085,-0.08842482110102202,0
208,7.722775933114164,7.639504750459038,0.08327118265512645,0.06666666666666667,0.0,9.192495303382655,1.8141357233929583,0.13291772772004365,0
209,9.491344386783306,7.588528642551087,1.9028157442322184,0.0,0.0,8.140205876551251,0.8923432376818567,-0.24349178271638797,1
210,9.764780966051237,7.24846138907984,2.516319576971397,0.0,0.0,7.784458301295576,0.46130598321902405,0.04952088026378815,1
211,9.35280675190869,8.239751498974288,1.1130552529344016,0.0,0.06666666666666667,8.318975499284269,0.4540756379637402,-0.006927597334770448,1
212,8.419727882554753,7.130425528662897,1.2893023538918555,0.06666666666666667,0.06666666666666667,9.08395288476182,1.8127235845145027,0.0855093365603237,0
213,9.922056828818437,7.773377943476885,2.1486788853415524,0.0,0.0,8.180852403737978,0.7318659438587953,-0.07168998796060387,1
214,8.174281227342322,8.081012707052118,0.09326852029020394,0.0,0.06666666666666667,8.416883839718286,0.6014650125006294,-0.00735888258918233,0
215,7.974166935525517,7.37823028836817,0.5959366471573473,0.06666666666666667,0.0,8.992775970733408,1.5359715808507752,-0.07693646891276042,0
216,9.421621910146927,7.642606281258617,1.7790156288883097,0.06666666666666667,0.0,8.404691082016923,1.8210903299925485,-0.004370507165263273,1
217,7.3147478336941845,7.222249506961659,0.09249832673252545,0.2,0.06666666666666667,9.91111256459977,2.869528677713927,0.0697621387458799,0
218,7.686620675353857,7.7607033636957885,-0.07408268834193166,0.26666666666666666,0.0,10.14024186959301,2.945051335504642,-0.0253145259552481,0
219,8.393474266036788,7.279994862849965,1.1134794031868234,0.0,0.0,8.53492224555375,0.4942114050577301,0.0521970566980757,0
220,7.421835215776015,7.454656982044921,-0.032821766268906316,0.13333333333333333,0.0,9.316937887296628,2.320482309583384,-0.1070610765108713,0
221,7.296558189879483,7.989655593404911,-0.693097403525428,0.26666666666666666,0.0,10.34940346800377,2.8926945753254194,0.2600072979876929,0
222,8.356166304554161,7.541937585576722,0.8142287189774393,0.0,0.06666666666666667,8.393420977142338,0.46993039340494863,0.0475284751668285,0
223,8.362364576899786,7.643089566158918,0.7192750107408683,0.13333333333333333,0.0,9.126370957558239,2.601965475746793,-0.12370446446679835,1
224,7.121524726724344,7.115409898502191,0.006114828222152369,0.2,0.0,9.81544640696114,2.76640825554277,-0.14460796758860175,0
225,7.756947834278052,8.127660107545525,-0.3707122732674728,0.13333333333333333,0.0,9.390992468011131,2.220920297035871,0.01143124092037245,0
226,7.741292766808078,7.733495347839144,0.0077974189689342666,0.13333333333333333,0.0,9.268880088137424,2.3066420144869224,-0.06872705058995102,0
227,7.428585498438252,7.492128866915332,-0.0635433684770792,0.2,0.06666666666666667,10.025397090662201,2.760906377120272,-0.05901933625168683,0
228,9.03422592861229,7.816554732748445,1.2176711958638453,0.0,0.0,8.550108886515343,0.5219047519418109,-0.08871725366682057,1
229,7.348484015123346,7.817763063532647,-0.4692790484093008,0.13333333333333333,0.0,9.310124415574032,2.240171631881715,-0.027494850509075134,0
230,7.609088815688136,7.180503959265224,0.4285848564229129,0.13333333333333333,0.0,9.443895112217398,2.177507547676456,-0.020963204839864934,0
231,7.996183911896287,8.051352878790256,-0.05516896689396944,0.0,0.06666666666666667,8.552244406327768,0.544249213575963,-0.04749601803262746,0
232,9.427635796676041,7.44828691416468,1.9793488825113608,0.0,0.0,7.931212390010563,0.6347957164801723,0.047105006930282856,1
233,7.765774282950522,7.476744883709312,0.28902939924121007,0.06666666666666667,0.06666666666666667,9.131778929250196,1.5670091386149156,-0.1134912795977656,0
234,7.836001829503233,7.582033887424675,0.25396794207855766,0.0,0.0,8.323585913871096,0.5128451863372514,-0.06038776504842061,0
235,7.557488403479405,8.187257692658113,-0.6297692891787081,0.06666666666666667,0.13333333333333333,8.941095767656506,2.0845281003809193,-0.03556513951517132,0
236,7.902428493609071,7.398316717338658,0.5041117762704133,0.06666666666666667,0.0,8.951665512446139,1.458546147466648,0.10392608945864905,0
237,9.33866311901632,7.554802877482255,1.7838602415340654,0.06666666666666667,0.0,8.561258739370272,2.0076828333047736,0.008387472447049016,1
238,9.372234832620785,8.048167001263842,1.3240678313569436,0.0,0.0,8.068605475810834,0.7770712599595985,-0.014390679640984061,1
239,8.190565743622324,8.151484976457173,0.03908076716515119,0.06666666666666667,0.0,8.956479486312583,1.889484954113641,-0.020822673271449495,0
240,7.694057223265636,8.025965568305713,-0.3319083450400768,0.13333333333333333,0.0,9.352538562001346,2.286630299424224,0.08186379059370649,0
241,6.715692714377725,7.9454777620663775,-1.2297850476886527,0.3333333333333333,0.0,10.833187879102306,3.182929833710302,-0.008305401409502556,0
242,8.018319808468442,7.777204187926583,0.24111562054185942,0.06666666666666667,0.0,8.99451047702498,1.8068394123702052,-0.014410661239845498,0
243,9.90849272202096,7.709795225588063,2.1986974964328967,0.0,0.0,7.989234787680946,0.7458897888159733,0.14031643430279597,1
244,9.784577906056636,7.167249921751781,2.617327984304856,0.06666666666666667,0.0,8.261490091997217,1.796843584747037,0.23352290047779928,1
245,6.661016412194901,7.8835581016794025,-1.2225416894845011,0.3333333333333333,0.0,10.799783811315486,3.0809228759394243,0.1501796536817561,0
246,7.619061866257863,7.745644829627518,-0.12658296336965513,0.06666666666666667,0.06666666666666667,8.915769902961136,1.6577881357367994,0.08254470761411585,0
247,7.823909284520692,7.559276110851587,0.26463317366910477,0.0,0.0,8.510470307168115,0.43274946963979755,0.03223913947256827,0
248,6.973143609361192,7.364245192409821,-0.39110158304862885,0.26666666666666666,0.06666666666666667,10.297776323918104,3.049499891430355,0.033975874418820926,0
249,7.241962760594322,7.886832183581965,-0.644869422987643,0.2,0.0,9.901294866698176,2.8307504754117465,-0.0532752297811049,0
250,7.619890436723014,8.144828228084009,-0.5249377913609949,0.13333333333333333,0.0,9.509789246368323,2.2737880207347434,0.11073458528509665,0
251,8.532788823177084,8.101465514102038,0.43132330907504546,0.0,0.0,8.266358895029972,0.49035425703315255,0.060727264100236614,0
252,7.606685538670821,7.506911198649263,0.0997743400215585,0.06666666666666667,0.06666666666666667,9.030424330286992,1.9701404627493597,0.12396629578508025,0
253,7.499813027731467,8.339732232056939,-0.8399192043254713,0.2,0.0,9.638387159262328,2.55096310910048,-0.1018601984465917,0
254,9.264144899219897,7.1869063334265135,2.077238565793383,0.0,0.0,7.920048927359847,0.5620775570668098,0.08275787422886534,1
255,7.116569861354306,8.098648895901464,-0.9820790345471577,0.3333333333333333,0.0,10.641117153557376,2.8306207201889215,-0.1124999403229113,0
256,7.919077968066206,7.653402233060836,0.26567573500536934,0.06666666666666667,0.0,9.105305443146568,1.384982955388578,-0.1741723632538911,0
257,7.682460412761708,7.743693256554749,-0.06123284379304117,0.13333333333333333,0.0,9.421813116003086,2.279821695561327,0.06739273039004885,0
258,7.226282601649813,7.961324981314857,-0.7350423796650443,0.13333333333333333,0.0,9.397100648162176,2.10418238372532,0.0818901917873399,0
259,8.092071598473975,7.482430825098219,0.6096407733757561,0.0,0.06666666666666667,8.579189052154131,0.30947816586097227,-0.07245790004672595,0
260,7.524932365875654,7.284940670941408,0.239991694934246,0.06666666666666667,0.0,8.924898413918829,1.8668469970413775,0.040931196015425095,0
261,7.951657960381922,7.824212511171887,0.1274454492100352,0.0,0.06666666666666667,8.597979958469926,0.4985325138806215,0.06438067949486004,0
262,7.437211040777352,8.087735409714194,-0.6505243689368418,0.13333333333333333,0.06666666666666667,9.523975161868234,2.3480121056329524,-0.25934790816985953,0
263,7.111307382922807,7.792641778015682,-0.6813343950928745,0.2,0.0,9.76156500345013,2.674508550047981,-0.18018949100079718,0
264,8.26604042408397,8.060815531436171,0.20522489264779864,0.06666666666666667,0.0,9.078885108353328,1.7404636523994441,-0.023341976904540544,0
265,7.37405895080161,8.393839804787985,-1.0197808539863757,0.13333333333333333,0.0,9.21722302028119,2.074306046594359,0.012928588113679827,0
266,8.00977435806134,7.663305607735197,0.3464687503261441,0.0,0.06666666666666667,8.570390542682173,0.48141261344482844,0.05402023783916061,0
267,7.338567771897977,7.985149884305691,-0.6465821124077138,0.06666666666666667,0.06666666666666667,8.858716101217478,1.652421259295346,0.02399904427264254,0
268,6.872270565449019,7.216532794471718,-0.3442622290226991,0.26666666666666666,0.0,10.406764683706779,2.702624007662794,0.026361043862111175,0
269,8.507093275329412,7.400321936853543,1.1067713384758688,0.13333333333333333,0.0,9.050222042290478,2.5922560793976452,0.008128256684959704,1
270,9.446077887232978,7.208263824600638,2.2378140626323395,0.0,0.0,7.954787388435929,0.6588046940944359,0.04106291674328709,1
271,9.600279843800312,8.00098488062376,1.5992949631765523,0.0,0.0,7.934626948468491,0.7346240335081226,0.026017712658630555,1
272,9.372301752164033,7.666179650983038,1.7061221011809948,0.06666666666666667,0.0,8.280064666990201,1.677533278534269,0.017387299449832805,1
273,7.111762622841176,7.6433021468696785,-0.5315395240285028,0.13333333333333333,0.06666666666666667,9.464877291557187,2.2718777346960533,-0.08591019164847156,0
274,7.801483247310684,7.825628277620867,-0.02414503031018267,0.06666666666666667,0.06666666666666667,9.107548727113373,1.9272526840031936,0.09347365800755268,0
275,8.022851347076482,7.326203466205584,0.6966478808708985,0.06666666666666667,0.0,8.813038951905183,1.81645460666886,0.18733124509213497,0
276,7.814730126340818,7.113782650439306,0.7009474759015122,0.06666666666666667,0.0,9.150918324211935,1.6073437659663241,0.1357436502319488,0
277,7.586218012114988,8.045712367619139,-0.45949435550415085,0.06666666666666667,0.0,8.843372898876726,1.8271098908673353,0.06247844143426734,0
278,7.496589682928984,7.42990869346196,0.06668098946702372,0.13333333333333333,0.0,9.310065732565484,2.3793571639503566,0.2074117781685318,0
279,8.865860611121201,7.048168840947198,1.8176917701740036,0.06666666666666667,0.2,9.144294840904344,1.9416317654636173,0.13807148361328,0
280,8.955192035377097,7.750963705159011,1.2042283302180863,0.0,0.0,8.673071807656601,0.3659000094378824,-0.08210450569969734,0
281,7.247610207797918,7.804063372040337,-0.5564531642424191,0.13333333333333333,0.13333333333333333,9.596370773142375,2.4227808057927356,0.019369481725972235,0
282,6.8749932292184655,7.74880957513044,-0.8738163459119743,0.26666666666666666,0.06666666666666667,10.254669137472456,2.6785428431458147,0.21662096321709612,0
283,8.441434684466866,7.767696574380328,0.6737381100865383,0.06666666666666667,0.0,8.727360080880423,1.937521633583284,-0.20808387557686892,0
284,7.583922955392902,7.73008031546401,-0.1461573600711077,0.2,0.0,9.719490587853011,2.9163042772271366,0.27505322243773767,0
285,8.161659698164897,7.988305723599122,0.1733539745657744,0.0,0.0,8.476558002761282,0.5026910361313064,-0.04785426405657868,0
286,7.834438469410821,7.935196112501088,-0.10075764309026702,0.13333333333333333,0.0,9.34603513618465,2.340412315990898,0.1598139199197223,0
287,7.772767692702264,7.48491426190618,0.2878534307960843,0.2,0.0,9.863818141688474,2.5385936221949286,0.2691780159492353,0
288,7.3260732405483875,7.654737211496402,-0.32866397094801414,0.13333333333333333,0.06666666666666667,9.545105225248525,2.1402639901750424,-0.014382747295241312,0
289,6.990974049511741,8.007240821520629,-1.0162667720088878,0.26666666666666666,0.0,10.053583397937166,3.035862715609928,-0.019329699090492872,0
290,7.566945146643311,7.865598176925742,-0.2986530302824306,0.13333333333333333,0.06666666666666667,9.571274571474722,2.3841824524610713,0.0470735962950246,0
291,8.150725516675932,7.55655260068934,0.5941729159865918,0.06666666666666667,0.0,9.053234696129545,1.4046428210681192,-0.024036675617782714,0
292,10.326749557088005,7.88841047551928,2.438339081568725,0.06666666666666667,0.06666666666666667,8.090882546389064,2.017297279366095,-0.21451950610631834,1
293,7.862254831859576,7.374738374164533,0.48751645769504304,0.06666666666666667,0.06666666666666667,8.888453131476977,1.6384995089185992,-0.05833931248093952,0
294,6.8658290998040625,7.9873779043608915,-1.121548804556829,0.26666666666666666,0.0,10.426305718398124,3.088544227195138,-0.07093708333754611,0
295,7.844739948603777,8.04936588522407,-0.2046259366202925,0.13333333333333333,0.0,9.36704549469723,2.283313560144158,-0.1383739799184809,0
296,8.288778147406271,7.923933315683943,0.36484483172232807,0.0,0.0,8.680776815047807,0.43560902787619543,0.12109731934425032,0
297,6.743170649025765,7.378899537607253,-0.6357288885814878,0.26666666666666666,0.06666666666666667,10.281419764944301,2.8968430334883646,-0.19496534287799475,0
298,9.385690244088986,7.418193952080966,1.9674962920080201,0.0,0.06666666666666667,8.136138210192229,0.5045297408448955,-0.03259685328697753,1
299,7.564651818014008,7.699350416944058,-0.13469859893004976,0.13333333333333333,0.0,9.273424990240006,2.2487099178677012,0.1383729342881364,0
300,7.393824499783997,7.699817951498001,-0.30599345171400394,0.13333333333333333,0.0,9.496978041193227,2.0977595990112743,-0.004433627315860733,0
301,8.217394425821027,7.3221416228025245,0.8952528030185025,0.2,0.06666666666666667,9.690704480857034,2.872608120936144,-0.21118613734374492,1
302,7.907214517046526,7.8024434517932475,0.10477106525327873,0.06666666666666667,0.0,8.84608533774816,1.6708764827584828,0.075101255625244,0
303,8.23137817232823,7.540344146890792,0.6910340254374372,0.0,0.06666666666666667,8.61807855545601,0.37382171225839483,0.11154143770678608,0
304,8.878954861042017,7.872950889881564,1.0060039711604523,0.06666666666666667,0.0,8.462307312878863,1.999627621459067,-0.025476020153236266,1
305,7.560193481027232,7.323773391995278,0.2364200890319541,0.13333333333333333,0.0,9.25610985376718,2.073634487258105,0.1289379198909771,0
306,10.275248903449492,6.874667949332407,3.4005809541170855,0.0,0.0,8.121493226792774,0.744041958668158,0.00587816747937513,1
307,7.413754670436865,7.80270355221651,-0.38894888177964493,0.13333333333333333,0.06666666666666667,9.568078942363295,2.234914409793386,-0.1422664033654353,0
308,8.253788485418854,7.857676418862923,0.396112066555931,0.0,0.0,8.53108190879138,0.5199880389250534,-0.03679922641501992,0
309,7.328968856808521,7.920908098400589,-0.5919392415920681,0.06666666666666667,0.06666666666666667,8.949124726920068,1.6114241654364378,0.0981540832319731,0
310,7.748553945359636,8.002921611004398,-0.25436766564476176,0.06666666666666667,0.13333333333333333,9.012951524965116,1.553239683785398,-0.20969332945834962,0
311,8.333743247252038,7.816860161094561,0.5168830861574767,0.0,0.13333333333333333,8.33097530560863,0.36997425932703054,0.026493245357561288,0
312,7.697584083113848,7.71226993562034,-0.014685852506492125,0.0,0.0,8.52108641153915,0.5667578954798886,0.054229704502788814,0
313,7.0896082730466565,8.049999353401718,-0.9603910803550617,0.2,0.06666666666666667,10.03783031040066,2.8627125221291325,-0.11311053010013786,0
314,7.182392783226247,7.359971087601955,-0.1775783043757082,0.2,0.0,9.854479787797692,2.720876486698799,0.051164646075425306,0
315,7.518211929503254,8.24257261257392,-0.7243606830706657,0.13333333333333333,0.0,9.447664131619854,2.2202089520700126,0.019369377036331376,0
316,8.277542810192934,7.708984919766397,0.5685578904265363,0.13333333333333333,0.0,9.357654936015347,2.1607398183698168,0.05933802274211234,0
317,7.4213619707763785,7.408790874168258,0.012571096608120058,0.2,0.0,9.637736288245787,2.708362199675379,-0.1692746488693796,0
318,8.261535585180138,7.716436729511716,0.5450988556684218,0.06666666666666667,0.06666666666666667,8.89496298191582,1.8709992696416282,0.14077038268046926,0
319,9.113540222823705,7.247553190399792,1.865987032423913,0.06666666666666667,0.0,8.577085628006614,2.0381096076166836,-0.10082433317601333,1
320,7.883003155966143,7.849548053638508,0.03345510232763438,0.13333333333333333,0.0,9.326552040564092,2.2984012460185657,0.0338712820177677,0
321,7.9918647640845135,7.6103861398127615,0.38147862427175205,0.0,0.0,8.602622510449782,0.4651390387876728,-0.08636924235291622,0
322,9.941554067780231,7.0848188345527765,2.8567352332274547,0.0,0.0,7.730575954664305,0.6395242254172236,0.1470863106584218,1
323,9.833488872059611,8.00449383026071,1.8289950417989012,0.06666666666666667,0.0,8.54207177812372,2.037730749159198,0.2552007596197776,1
324,7.453955094073582,7.8170243339273915,-0.3630692398538091,0.2,0.06666666666666667,9.900321204512423,2.6544873317505977,0.24445959912716161,0
325,7.890503820448699,8.155573322913204,-0.2650695024645051,0.06666666666666667,0.06666666666666667,8.91960827587324,1.7130614083071347,-0.02566169909658312,0
326,7.983388341155534,7.186524760024818,0.7968635811307161,0.06666666666666667,0.06666666666666667,8.964515352548744,1.7715270062861106,0.011171237002530332,0
327,7.648394348320227,7.5965407458859655,0.05185360243426107,0.06666666666666667,0.06666666666666667,8.888017672651397,1.9186255804745602,-0.02968120726296439,0
328,7.4117267473046535,7.8097042476338405,-0.397977500329187,0.13333333333333333,0.06666666666666667,9.410176406742925,2.390635196952577,0.042345711585832536,0
329,10.196973483631966,7.660067073030019,2.536906410601947,0.0,0.0,8.024644307801886,0.4793681155422256,0.10920939364798475,1
330,7.034028828486771,7.594685476772859,-0.5606566482860877,0.2,0.0,9.829540372590186,2.6725706927513437,0.05298059279682171,0
331,7.994858474266901,7.551266025803493,0.4435924484634084,0.0,0.06666666666666667,8.472195073774941,0.43869256958036357,0.08496256175004968,0
332,7.947128366067376,7.217150421061386,0.7299779450059898,0.06666666666666667,0.0,9.016287576355856,1.8970903474125396,0.04813209843794329,0
333,7.977246641214981,7.501745718983816,0.4755009222311646,0.13333333333333333,0.0,9.31196924734295,2.13407082001019,-0.10945219238136845,0
334,8.099641067030722,8.007829889689267,0.09181117734145516,0.06666666666666667,0.0,8.972732327161195,1.7807443798743456,0.01625155633044774,0
335,7.431807930826868,7.967344631804848,-0.5355367009779801,0.13333333333333333,0.0,9.525515512302535,2.28441692285891,0.06971821557186524,0
336,7.254434408931952,8.097244715030408,-0.842810306098456,0.13333333333333333,0.13333333333333333,9.576651882992367,2.235279360714525,0.09138939295909251,0
337,10.027857426853975,7.789493640982081,2.2383637858718943,0.0,0.06666666666666667,8.12436383409368,0.5440364506081733,-0.08243779802275017,1
338,7.941855742704107,7.9432174312878425,-0.0013616885837350878,0.13333333333333333,0.0,9.158347085643037,2.3827058455042596,-0.11634509666380619,1
339,9.435640959409705,7.864559666936468,1.5710812924732371,0.06666666666666667,0.0,8.425450462982662,1.6661156156388146,0.10424650891593795,1
340,7.479548371735744,7.956776090317893,-0.4772277185821494,0.13333333333333333,0.0,9.467925744507088,2.5636957041887345,-0.2107576540387909,0
341,7.407863575815584,7.791862583923055,-0.38399900810747045,0.13333333333333333,0.0,9.243567240031393,2.1719367840881825,0.15697595722570531,0
342,8.766253424509902,7.893587589238776,0.8726658352711256,0.2,0.0,9.53368968916904,2.608248080529912,0.1605711227961912,1
343,8.2583145523233,7.333583788664878,0.9247307636584221,0.06666666666666667,0.0,8.982248934326346,1.829931893354137,0.011529356976667552,0
344,7.124909275974027,7.8875811320057165,-0.7626718560316892,0.13333333333333333,0.06666666666666667,9.540479588048346,2.142549363095153,0.04606648273497668,0
345,7.483085556809351,7.653381097082259,-0.1702955402729085,0.13333333333333333,0.06666666666666667,9.494628376848027,2.416418308243516,-0.1313310889294527,0
346,8.613703877037572,8.014132714445976,0.5995711625915963,0.0,0.0,8.325171218667263,0.7105890969093185,-0.03604801745842176,1
347,8.173851783307462,7.453686216278279,0.7201655670291833,0.06666666666666667,0.0,8.94514418058592,1.8306533482537288,0.018639847928968868,0
348,7.856302879091786,7.722513544576727,0.13378933451505937,0.06666666666666667,0.0,9.065188732005197,1.8259904755284009,0.025983749322939474,0
349,7.79937907029552,8.129314203046592,-0.3299351327510722,0.06666666666666667,0.13333333333333333,9.031562956149203,1.8628520280783727,0.06109146253230966,0
350,8.121236710838367,7.009489821221791,1.111746889616576,0.0,0.06666666666666667,8.412746406683192,0.38836447263451723,-0.14170545222345798,0
351,7.252350615202833,7.266414167677325,-0.014063552474491203,0.2,0.0,9.855404253274594,2.8938422497797944,-0.14197176661461136,0
352,7.946295168952553,7.8025835365527865,0.14371163239976692,0.06666666666666667,0.0,8.822086627250364,1.9242929939368045,-0.22931304941252117,0
353,7.7163493158463075,7.951322736194695,-0.2349734203483873,0.13333333333333333,0.0,9.403705068550657,2.5253584728590974,0.16656524414253718,0
354,7.0821115895465745,7.793471096370475,-0.7113595068239009,0.2,0.0,9.612633399461023,2.7416545093011617,-0.11074668282642273,0
355,7.6963256023944355,7.480108264813298,0.2162173375811376,0.13333333333333333,0.06666666666666667,9.486281388366724,2.512826048246624,-0.022916272483449802,0
356,7.283751717148765,7.4549571525208895,-0.17120543537212463,0.2,0.06666666666666667,9.857396724721482,2.6734241569112647,0.20648954466605848,0
357,8.856987758790861,7.9991669488258115,0.85782080996505,0.0,0.0,8.274068755577794,0.5974583028845989,-0.04384462794860109,1
358,7.968561851972255,7.708334678477582,0.2602271734946724,0.13333333333333333,0.06666666666666667,9.23529177134264,2.105034395669133,-0.008794154967514805,0
359,7.849988316997884,7.973011082254425,-0.12302276525654143,0.06666666666666667,0.0,8.978848133830928,1.7704006764546785,0.002864523535156836,0
360,7.218169167072765,7.870482866974227,-0.6523136999014616,0.26666666666666666,0.0,10.01438336191473,2.829651754659212,0.05062489428651242,0
361,7.819562763407075,7.604297278627295,0.21526548477977947,0.06666666666666667,0.0,8.883312460172133,1.890344688531197,-0.07710645391300477,0
362,7.269284107224219,7.997247857135246,-0.7279637499110274,0.2,0.06666666666666667,10.060571941709318,2.7913664865874948,-0.03383461335087451,0
363,7.407307048811219,8.108149884908714,-0.700842836097495,0.2,0.06666666666666667,9.946560562469925,2.8761066429376645,-0.17635269979324023,0
364,7.330623277704277,7.490706646568692,-0.16008336886441565,0.26666666666666666,0.06666666666666667,10.449842668405411,3.1342364656744444,0.07074740347099952,0
365,9.43706843251811,7.410677171713909,2.0263912608042016,0.06666666666666667,0.0,8.498833267619814,1.8782909539524257,0.10209311933253663,1
366,8.563158586138037,7.873292137019901,0.6898664491181359,0.13333333333333333,0.0,8.967939454145402,2.201629893313156,0.027647135225841175,1
367,7.111472881614951,7.422605883131546,-0.31113300151659473,0.2,0.06666666666666667,9.97708227076265,2.883342805922128,-0.1343618337549391,0
368,8.162113326975119,6.779953156783471,1.3821601701916473,0.06666666666666667,0.0,8.997700528439697,1.7845837005931549,0.10461592406090327,0
369,8.891883420262701,7.748040101691811,1.14384331857089,0.13333333333333333,0.0,9.210686588615227,2.5467987376199837,-0.06557946927034493,1
370,7.35188316865161,7.640257603460856,-0.28837443480924563,0.06666666666666667,0.06666666666666667,8.943272944288713,1.618429995447921,0.04608150201711732,0
371,7.783874434288796,7.30672860186321,0.4771458324255864,0.06666666666666667,0.0,8.952504750658187,1.8984601075715875,-0.08005065230037615,0
372,7.267844155769181,7.908869603134617,-0.6410254473654362,0.2,0.06666666666666667,9.871621660735443,2.933134197012532,-0.002778567593371592,0
373,7.7041538249348696,7.993380626367714,-0.28922680143284474,0.06666666666666667,0.06666666666666667,9.047232357479086,1.6559858021067875,-0.1398643723015134,0
374,7.459701338492975,8.008648974164805,-0.5489476356718299,0.06666666666666667,0.0,8.856606914991662,1.735478056126368,-0.1323600433551617,0
375,7.5879669446103355,7.728827147501216,-0.14086020289088008,0.2,0.06666666666666667,9.994170854379117,2.642896346996293,0.19165747680543493,0
376,8.833382708829514,8.019956900838919,0.8134258079905958,0.0,0.0,7.822704039902635,0.6888777096229018,-0.04191215988613756,1
377,6.952708810148745,7.84787903008686,-0.8951702199381151,0.2,0.06666666666666667,9.680619605850806,2.5505863088085126,0.05752244529370721,0
378,8.167368447655475,7.34630782209822,0.821060625557255,0.0,0.06666666666666667,8.368484504324261,0.4012287370153548,0.03725102629048818,0
379,8.00488904954979,8.348875024376902,-0.34398597482711146,0.13333333333333333,0.06666666666666667,9.227727854125849,2.3660248672919644,-0.013207586056981573,0
380,7.61867553753618,6.998509080172531,0.6201664573636485,0.13333333333333333,0.0,9.306489173715901,2.5428455680661934,-0.12960868014492002,0
381,7.447472314912909,8.047662083403823,-0.6001897684909139,0.2,0.0,9.44523838180374,2.596840969368057,0.017310556183586866,0
382,7.588160683563468,7.228449066253236,0.35971161731023216,0.06666666666666667,0.0,9.156641554511184,1.7861682446180176,0.06930812654413435,0
383,6.626739385996688,7.348782433397038,-0.7220430474003505,0.3333333333333333,0.06666666666666667,11.02096461639393,3.013821541576478,0.03833986282632331,0
384,7.653004935563437,7.87709504429584,-0.22409010873240298,0.13333333333333333,0.0,9.356327514290767,2.4207795765502644,-0.05548476780483599,0
385,8.003353793321244,7.577255806205594,0.42609798711565006,0.0,0.06666666666666667,8.480767589669172,0.5344310053430252,-0.0018911990560345842,0
386,9.327031365176648,7.614736449224818,1.71229491595183,0.0,0.0,7.976570616489913,0.5166216141585075,-0.05488880472103928,1
387,7.956563889739497,8.044312822386377,-0.0877489326468801,0.06666666666666667,0.0,9.064762070816077,1.5460664647609224,0.15265947916734904,0
388,9.712620360381228,8.247803854047323,1.4648165063339054,0.06666666666666667,0.0,8.616446630926982,1.8330952043153779,0.07869905222454669,1
389,8.118839926759067,7.498733687888236,0.6201062388708314,0.0,0.06666666666666667,8.658893196486629,0.41325494210989294,0.047136271412842594,0
390,9.540045082130835,7.222082935727222,2.3179621464036124,0.0,0.06666666666666667,8.03421219044945,0.5960109433762126,0.023476795430532982,1
391,9.975768632310738,7.594248723262985,2.3815199090477526,0.0,0.06666666666666667,8.129558391706947,0.46172549293640114,-0.17892792617192443,1
392,9.86936530748897,7.627570658608051,2.2417946488809184,0.0,0.0,8.195229059443099,0.49769452209123827,0.03193314128664955,1
393,8.19192059607583,7.042549843625086,1.1493707524507437,0.06666666666666667,0.0,8.707520201258037,1.5522883529138967,0.0021317352273127043,0
394,7.48196220243062,7.874182778811433,-0.3922205763808133,0.06666666666666667,0.0,8.940739360369902,1.642950294350705,-0.14652197499947012,0
395,10.449673078715254,7.154881496360824,3.2947915823544296,0.06666666666666667,0.0,8.365157893268607,1.72455665672381,-0.18283330945765702,1
396,7.706955965899861,7.3720726225289175,0.3348833433709437,0.13333333333333333,0.0,9.321288460283595,2.263503765333055,-0.16772656549987844,0
397,8.4613746817257,7.475579058699139,0.9857956230265605,0.06666666666666667,0.0,9.032475021435767,1.653159800656774,0.24465266896278048,0
398,7.725464485343806,8.051666997175252,-0.326202511831446,0.06666666666666667,0.0,9.090504574634712,1.4970061356790143,0.15097239543675628,0
399,9.494277667361233,7.84699785009385,1.6472798172673828,0.0,0.0,8.149636425448273,0.48991577104106143,0.11407776672124316,1
